Source,Target
btz,vxx
cjk,jcc
cjk,ftb
cjk,zpq
jkg,hnl
jkg,kzf
jkg,jtb
pjn,sjh
pjn,tmb
pjn,zvg
qpn,lgx
zmm,bmj
vdl,csd
vdl,sjh
vdl,ghg
vdl,nsv
thh,qmj
thh,bxt
thh,zgr
thh,krh
qzd,kvn
tcg,ljt
tcg,pbc
tcg,vnc
dqt,bdx
mhh,knx
lzz,mnj
lzz,jqm
lzz,htz
gxr,rdg
gdp,blx
bqg,zgx
bqg,mtk
bqg,ccm
shg,mfh
shg,dxt
shg,vkn
shg,djm
sft,gbd
drg,xfr
drg,zsv
drg,rrh
lcj,dxs
lcj,jcc
mmc,csd
mmc,qbn
kkq,kln
kkq,mbd
kkq,qnq
hnh,vpf
hnh,htf
hnh,sft
hnh,ctm
hnh,lth
hnh,hcq
hnh,ljt
gft,fhm
gft,zbv
gft,gkz
gft,bgs
gft,rmx
qvx,mpd
qvx,qqv
qvx,qch
sph,kkx
sph,tqh
sph,ddz
nlx,jll
mzf,qlk
mzf,fjd
zfj,tmm
qfk,rpn
gqc,hvj
gqc,mpj
gqc,kkq
gqc,gkg
gqc,jts
gqc,kcr
gjz,mnm
fkm,mnj
fkm,ccx
fkm,kxl
fkm,cnz
nhj,kvn
nhj,dmc
nhj,rhb
tbd,vnz
tbd,tmr
sbh,gmg
scm,zzc
scm,nrz
gmz,gtj
gmz,rjq
gmz,bpg
gmz,zcm
nlt,vvp
zfc,cmh
zfc,bsg
zfc,kcz
zfc,zcl
pdc,qfk
bsl,dng
bsl,jbb
bsl,slk
bsl,zlg
kbr,vtx
kbr,vdh
kbr,hsj
bnp,zbh
bnp,khg
bnp,vgd
cnk,hfm
cnk,zcl
cnk,tzj
cnk,crp
cnk,jpx
qrl,vqf
qrl,bbx
qrl,ptq
qrl,xcp
dtd,rvh
dtd,mfv
dtd,rms
dtd,cnp
nsb,kkr
jrk,znq
jrk,xzb
jrk,gpv
qtj,vcb
jms,vgg
jms,zcm
jms,vtx
vxv,htf
sdx,djg
sdx,nnh
sdx,bsp
sdx,mfv
dgz,xnt
dgz,vtt
kcq,rdd
kcq,qzv
kcq,jhs
vfb,mdj
vfb,svq
vfb,ptl
vfb,vvn
dbz,ttc
dbz,zlq
dbz,gsk
qrj,qzj
lkl,lqt
lkl,xkz
qqd,dcn
qqd,tmc
fkt,kgs
fkt,zfd
fkt,xnt
lhv,ktr
lhv,vgb
lmp,vkj
lmp,thx
lmp,slg
lmg,kph
lmg,jqm
lmg,hcx
krt,zxb
krt,xzk
krt,fnk
krt,zxx
krt,sft
qzv,pqt
qzv,lfv
htx,ngq
htx,lmj
gcn,xlb
gcn,bzj
gcn,xvl
gcn,jmb
dhn,rtn
dhn,vsf
dhn,bkr
dhn,hzc
knp,sqx
knp,jgc
fzb,gzf
fzb,tmc
fzb,bln
scs,rmn
scs,ppz
scs,tpb
scs,rpn
vzx,flf
vzx,mbx
vzx,tbd
vzx,kkr
vzx,gjv
xcc,sfh
xcc,jjh
xcc,zfc
nrc,ksr
nrc,mcd
nrc,lrb
nrc,xtf
nrc,pxz
nrc,qzj
jkj,vmf
jkj,bpm
jkj,dmp
jkj,jsj
ctp,bxb
jsl,gqh
xfx,kjx
fhs,gtc
fhs,ppj
fhs,rvx
fhs,tkd
fhs,slt
vgd,tmr
vgd,xrv
vgd,fsz
bxt,lgx
txb,xkn
hnq,kfb
hnq,jqm
ths,hhh
ths,fzf
ths,pdt
ths,dst
phk,vgf
phk,jzh
phk,zxg
phk,lzp
cxh,phh
cxh,mxr
cxh,flg
tzh,zzv
tzh,hbj
tzh,bdx
tzh,znr
vzf,qgl
vzf,vlh
vzf,dpr
xcm,ldt
xcm,gth
xcm,ljh
jvr,mlk
jvr,rff
jvr,jcc
bjt,hlz
bjt,bgk
bjt,tml
bjt,mgp
scx,bvg
scx,nzv
scx,rcs
scx,flr
scx,zbq
scx,bnm
bjz,nmx
bjz,cgs
bsb,hrn
gcg,prv
gcg,lrd
qxm,bpz
hhv,ktr
mnc,lrn
mnc,rff
hmt,bpm
hmt,nqn
hmt,rjv
hmt,mgp
thx,bpg
nbd,lgz
nbd,bqz
nbd,psh
nbd,djp
nbd,mgh
cll,chf
cll,kbq
cll,rzn
cll,rsf
zzx,ccn
zzx,qxl
zzx,mqc
znq,hkq
znq,xdk
bdj,cjc
sdt,qtf
sdt,sph
sdt,lpv
hdv,xfl
hdv,pfm
hdv,bmn
kck,vjj
kck,xjf
lgg,jgk
lgg,hhh
lgg,znr
lgg,djd
tlt,xgq
tlt,tjd
tlt,vvv
tlt,bsp
tlt,kjg
pgb,lmj
gvb,kfb
qpx,bxm
qpx,knx
qpx,xrv
qpx,bdj
rsp,xsg
gnb,tvj
gnb,rmn
gnb,nfv
gnb,xjt
gnb,nvc
glt,skp
glt,hfh
glt,qvb
klv,ndh
klv,cvp
klv,mlk
klv,dqv
lmj,xph
qmj,jtb
jgt,tpr
vlq,qtj
vlq,shb
vlq,xsd
rgk,qvz
rgk,fgj
rgk,pfm
mbh,sbl
pqt,fcv
pqt,zmm
hfs,rcg
hfs,ljd
hfs,rrv
hfs,mbm
xsg,mkx
ckv,bsn
ckv,sfh
ckv,rms
ckv,tzt
zbh,tqm
crr,kcz
crr,ldf
rhs,rvx
rhs,jgc
rhs,pxd
rhs,bjz
hzm,rft
hzm,fnd
hzm,lqt
mqc,xgk
mqc,ctc
zzq,rmb
zzq,bfh
zzq,jrk
zzq,ndr
zzq,rpn
tpb,bzk
tpb,glv
tpb,gxr
vrr,rrb
vrr,spv
szl,kbq
szl,ggd
szl,kcn
szl,nrv
szl,dtt
xlr,bzk
xlr,gpq
gzl,pzk
mbr,htv
mbr,jkg
zpm,rlv
mbg,lph
mbg,zvg
mbg,ttd
mvs,zlg
mvs,ghg
mvs,kcn
ckc,drf
ckc,hcq
jxd,ssf
jxd,rmx
jxd,nkt
ltd,mbh
ltd,nlz
cfq,gjz
cfq,bsh
cfq,hlr
qjq,cmh
qjq,lsq
jxf,chf
jxf,tnf
jxf,qqv
cgv,vpj
cgv,zhd
hzk,rhr
hzk,brs
hzk,rsj
hzk,lrn
btx,qxr
lcq,mdd
lcq,xrg
kjx,cbj
kjx,qmq
kjx,lzd
qfq,tfg
qfq,mjk
njv,trl
njv,xxl
njv,sst
vmg,ffb
vmg,vzb
vmg,hhd
zkn,zbq
zkn,dkm
zkn,psh
zkn,vdh
gcp,dhn
gcp,qmz
gcp,rsj
gcp,ptf
fnk,hqv
fnk,qtz
fnk,qqv
vvk,nrv
vvk,tqh
vvk,gjz
jzk,zsv
jzk,jsj
jzk,mnp
vjj,lzb
vjj,tpl
stn,jxs
stn,dst
stn,lsv
clk,cxr
fpl,zgx
fpl,lph
fpl,zpq
fpl,pvv
srs,fsc
srs,knb
srs,cpb
srs,zsg
xvs,ctp
xvs,thj
xvs,krh
qvz,zsv
lsl,lnm
lsl,dxt
lsl,gjv
lsl,ztv
bcm,mlq
hhd,qsr
jnx,xvp
cvg,nhz
cvg,qgp
cvg,kst
cvg,lqt
qbn,rft
qbn,tlm
qbn,jrc
dgh,xvs
rmn,vxv
gkg,pdc
gkg,kgs
gkg,vtm
gkg,vjz
tfj,jvn
tfj,tjc
fbg,mbm
fbg,lfq
fbg,sdz
fbg,tvd
fbg,vtm
fmv,tqg
fmv,fkg
mrr,bmn
mrr,gzf
mrr,hpn
mrr,pql
mrr,cpc
mrr,dlf
lzf,jgk
lzf,slg
lzf,lzt
lzf,sgr
psp,rfm
psp,ccq
plz,cmd
plz,lnm
plz,ccb
cms,fxj
cms,gbp
vtt,hsp
zjf,vtx
kzs,jmv
kzs,lqt
kzs,slx
kzs,ccb
mgh,gkg
mgh,jgk
rlf,mjk
rlf,flf
rlf,mpm
kvr,njs
kvr,klr
kvr,fnj
kvr,xjg
ccf,cxh
ccf,jxs
ccf,sbc
qgl,bkj
xpr,txs
mcd,zbk
mcd,mrb
mcd,tpl
qxh,jxr
mms,rqn
mms,xzf
mms,kbs
mms,vqg
qzj,ssm
dvr,rkm
dvr,qmj
dvr,zxg
ljq,bvg
ljq,qvf
ctm,hgn
ctm,fqt
ctm,lzd
mbc,rdd
mbc,ffs
mbc,bxs
lsf,bpp
lsf,mhj
mnj,qkc
mnj,vgb
qbh,cpb
mtz,tjc
mtz,ssb
mtz,bxs
cks,hzc
dfv,ptl
dfv,hnr
dfv,zlq
dfv,qkc
jts,qdv
jts,mkj
bbj,bnv
fgj,xkn
fgj,psp
fgj,dqv
bcg,xfr
bcg,bfd
bcg,mnr
bcg,fll
xbn,gzg
xbn,npf
kkh,hvm
kkh,ndh
kkh,stl
kkh,hdv
tvt,mnr
tvt,mvs
tvt,hnr
tvt,pvs
crq,bpz
dcm,sgl
dcm,qhg
dcm,pmv
dcm,gqs
kvn,hzl
ggb,cpc
ggb,rrh
ksg,qlv
ksg,xrv
ksg,pjp
ksg,gzg
zmk,sgl
hkb,cfd
hkb,pgz
hkb,hpn
hkb,xvp
lmx,clb
lmx,jbb
lmx,dgg
lmx,cxm
qxr,zvm
qxr,hdd
mfb,lcq
mfb,hbj
mfb,fjn
mfb,jpx
lgl,tfx
lgl,fmz
lgl,jsv
lgl,mrb
vqg,tjb
vqg,xpx
fzf,kgt
vpd,bxm
vpd,sgl
jkn,vjj
jkn,tvd
jkn,xjj
jkn,sxb
zkk,stn
zkk,hvj
zkk,qtf
bzc,btj
bzc,bsb
bzc,mrv
bzc,fnp
qbd,xsf
qbd,drq
glv,smp
hrk,kln
vnc,bfl
vnc,gzl
zjs,hvb
zjs,rhb
zjs,mln
zjs,zlv
zjs,gdp
bvh,ccb
bvh,glp
bvh,gzb
gvs,tqz
gvs,nzp
gvs,tld
crd,mrx
lnk,pbp
lnk,mlq
lnk,vln
lnk,kgz
lnk,vcb
lnk,lrn
tzt,xzb
lss,dqt
lss,vxk
llz,lhr
llz,sjl
llz,jsh
llz,ngl
hkf,bsg
hkf,xdk
qhg,jrc
tvd,pzk
tvd,sfh
lvp,gfm
lvp,pcp
lvp,clk
ccn,mnj
ccn,dph
ccn,rvx
gth,jvn
qqg,ctd
qqg,zhd
bcr,pbp
bcr,bbj
bcr,drq
bcr,fcv
tmm,xpr
pdt,tdh
pdt,zxb
pdt,qbh
pdt,gqj
tzq,gdx
tzq,knx
tzq,ntn
tzq,slt
qvs,xvs
qvs,qqv
qvs,lgx
qvs,kcz
fmh,gjf
fmh,cfm
fmh,zvt
fmh,nvc
kzk,qfk
kzk,qbh
kzk,sdz
fcs,qpt
fcs,vzb
fcs,bzb
fcs,rdl
fcs,jjh
fcs,prp
thj,hcq
gdq,hsp
gdq,hvg
lpv,mnm
lpv,jpc
dxt,tfg
dxt,lff
dxt,pds
zkh,sql
zkh,pjq
zkh,txr
pvs,mkx
nrv,ftj
prn,gjf
prn,kfh
prn,tst
prn,gks
mgc,nlb
mgc,lss
mgc,ppz
clq,ffb
clq,pdc
clq,tpr
clq,rbh
clq,lqh
qtq,pct
qtq,fvt
qtq,qvf
qtq,qzp
mlq,ptl
hvm,xrj
hvm,mmz
hvm,ldz
lxl,mkf
lxl,szp
lxl,xzg
lxl,mnc
bgk,jsl
bgk,tqm
bgk,ztl
bgk,hsb
bgk,ggb
bgk,sjt
dxs,bvh
dxs,hzl
dxs,ksv
xfn,bcf
xfn,qrj
bzj,mln
bzj,xrj
ptf,jfq
ptf,xkz
ptf,nmp
hcf,vzb
hcf,brc
hcf,hhx
hcf,ljt
hcf,vjz
rnq,xsp
rnq,fnj
mxc,slg
mxc,txf
mxc,hsj
mxc,lfj
mxc,dbq
knb,zzv
vkq,jck
vkq,msq
vkq,fvt
vkq,lhr
vkq,jml
hzc,lnf
qch,tpr
tff,rqj
tff,kjg
tnx,flg
tnx,hhx
tnx,sgh
vbx,ppz
vbx,pnb
vbx,qmj
vbx,bcz
tqc,ssf
tqc,lkl
hzb,bsx
hzb,pnc
hzb,tnx
hzb,mcg
xln,sst
xln,gzf
xln,mkf
xln,ccm
hxf,jhs
hxf,cvc
hxf,prv
hxf,lfp
hxf,tqg
hxf,pxt
lml,sjh
lml,vnd
lml,jsl
fsx,bjz
rxs,rtv
rxs,qjg
rxs,mkx
rxs,lsf
kql,xvz
kql,gbd
kql,lgx
crp,dkm
crp,nlx
crp,gfp
crp,vtt
crp,rmj
rhd,hqz
rhd,thm
rhd,mkj
pjb,qpt
pjb,cbj
znr,cbk
znr,mqz
bcz,dtt
bcz,hxx
vdx,qzm
mtc,ljq
mtc,hkq
mtc,ptq
xdp,nkr
xdp,hhl
xdp,mjk
xdp,pcp
xdp,ntc
lcx,txp
lcx,bcf
lcx,hnf
lcx,jxs
xsp,djm
xsp,mhd
xsp,tkd
xsp,jmb
xsp,mrx
xsp,ktr
tvj,qfb
tvj,trd
gpd,rzx
gpd,fxn
gpd,dcn
gpd,tzl
lvq,qxp
ssb,pbh
ptq,mqk
ptq,fxn
ptq,rjp
knq,qkc
qkz,qpn
qkz,glt
qkz,ggl
qkz,czz
fdm,vsb
fdm,cgd
fdm,ftq
fdm,txb
fqb,lth
fqb,hhd
fqb,jvb
fqb,qrj
xxl,pbh
dzh,nbv
dzh,kcr
dzh,qvf
dzh,vdr
qkh,nxf
qkh,mnp
qkh,fzb
qkh,dpc
brh,lkb
brh,glg
brh,qsr
brh,tdr
kkr,nmp
gbd,nzv
gpt,njs
gpt,kpf
gpt,zsd
qpt,bdx
qtg,qjf
qtg,kvn
qtg,xkp
qtg,qjg
qtg,kfx
cbv,skn
cbv,xzb
cbv,zfd
cbv,pjb
lnm,ftq
lnm,nmx
gzg,prd
lkk,vgd
lkk,kcq
xnq,lff
xnq,mqc
qjg,nsc
pjz,nlx
pjz,bfl
pjz,xgq
rks,dbz
rks,gzb
rks,qbd
kbz,dkb
kbz,tbd
kbz,rrr
kbz,bht
vjx,gvb
vjx,xhj
vjx,prd
ghh,bbx
ghh,jdz
frv,sxg
frv,psh
frv,djp
cjg,gfq
cjg,xfm
cjg,mlk
cjg,lll
cjg,mrt
nzn,mkx
nzn,lrd
nbg,czp
nbg,mfh
nbg,hdh
nbg,sqx
brs,vkn
gql,hpn
gql,gcg
gql,fmv
gql,vjx
qvf,xvz
qvf,jgn
sgj,qrj
sgj,fdr
nbv,jgn
nbv,zjv
lgz,pdc
lgz,csc
vkn,ssf
shl,rqj
shl,lfm
shl,hpl
shl,qrg
shl,lsq
trd,bfl
vbr,nlx
vbr,qbh
vbr,rrv
vbr,mvb
tfh,pzb
tfh,mrb
cdk,ngq
cdk,lzp
cdk,kfc
cdk,tfh
pjr,kvg
pjr,ttc
vnz,nkt
vnz,lfv
vnz,vcb
mhm,qbf
mhm,kvg
mhm,ssb
mhm,sjn
sbq,ghg
sbq,vxq
sbq,mmq
sbq,sxq
hth,pjb
hth,xpn
hth,cgv
zxg,jxr
nnz,ntc
nnz,hhv
ggd,cjz
gks,bnm
xhm,xsg
xhm,pbp
xhm,zbh
xhm,dcj
dgl,ftj
rpb,vvp
fmb,glr
nzj,bsp
nzj,bsx
nzj,kcr
xvh,crd
xvh,fbd
xvh,dgk
rkm,ffb
rkm,jvb
ghg,dng
sgq,lkx
sgq,vxx
vdr,qtf
xng,mdq
xng,txs
xng,lzn
xng,jzs
lxt,rcg
lxt,tzh
lxt,rst
fbf,sdt
fbf,zjf
fbf,lzb
fbf,vjh
gjv,tgb
rrv,fqj
rrv,qxp
rrv,vlj
rrv,nrz
rrv,bnm
fhf,zbk
fhf,bcp
fhf,bbf
tnf,tzt
tnf,qhx
jxk,mqz
jxk,kkx
jxk,gqj
qlg,csk
qlg,gpv
qlg,hfm
qlg,sjk
zzl,xtf
zzl,nvt
zzl,dqj
zzl,svz
bfh,tst
bfh,vjh
bfh,vbl
nhl,kjg
nhl,bpg
nhl,dgh
nhl,mvf
ldz,hcg
ldz,fsx
ldz,mgp
tss,tqm
tss,qfq
tss,pjn
tss,fcv
flr,htx
flr,hcs
gzz,lnf
ttl,mms
ttl,lnk
ttl,pvs
ttl,knx
ttl,zfj
ttl,gxq
kvl,rvh
kvl,ngx
kvl,czt
kvl,dtt
qvd,xpx
qvd,tfj
qvd,frn
rtq,kpf
rtq,mhj
rtq,qqd
xpn,kck
xpn,lkb
gfc,dgh
gfc,jzr
nms,gcf
nms,fmv
nms,lcp
czt,qrg
czt,jtb
xzg,mdq
htl,qxj
htl,kgj
khj,dph
khj,bkt
khj,xsf
khj,fsz
khj,xpz
khj,jsl
khj,pvv
fmz,xfx
fmz,gcj
fmz,jgn
lrq,lfm
lrq,vcl
lrq,qqg
lrq,trd
lrq,cgr
crb,phh
crb,nzq
crb,qvb
tml,fkg
tml,bzd
tml,dmp
slx,gzz
lrs,gbr
lrs,nnz
lrs,qxm
lrs,zsd
lrs,cpc
lrs,rzz
bmq,ljq
bmq,xvz
bmq,qdv
bmq,sbc
pqd,vxx
pqd,htd
qpc,rrr
qpc,lrd
qpc,tqg
qpc,gbp
qls,gtc
kdg,qrn
kdg,lfr
kdg,kjg
nfv,glv
nfv,mrb
nfv,hrk
hhl,csd
hhl,ldn
blg,vlk
blg,qxm
blg,xfm
blg,slx
sxp,hsb
sxp,mnp
sxp,cks
sxp,sjn
sxp,fdt
ngv,bcm
ngv,ntn
ngv,hsb
ngv,pqp
xmc,tzj
xmc,htv
xmc,hqz
kps,xkp
kps,tqm
kps,lmg
kps,gqh
kps,ldz
xtm,ddz
xtm,sfh
tdb,nfq
tdb,jlt
tdb,bsp
tdb,zsg
lkd,nbj
lkd,njs
lkd,pgz
zxx,xzb
zxx,zxg
mld,xkz
mld,tzl
mld,mkx
mld,fdn
dtg,jnx
dtg,vfn
dtg,hhl
dqn,zds
dqn,hrq
dqn,zrq
dqn,gth
dqn,pmv
dqn,nkb
rqb,hhv
rqb,drg
rqb,knx
rqb,nqn
vvj,xgv
vvj,vkg
vvj,ztv
vvj,frn
mqr,ljh
mqr,cxr
bjr,rcv
bjr,fsd
bjr,xjf
bjr,znh
bpm,kfx
gpr,lhv
gpr,ggb
gpr,fsz
vkg,gjv
vkg,plz
vkg,cxr
vkg,lzn
qlc,xjc
qlc,drf
qlc,gpq
qlc,mvb
pxt,cjc
pxt,lfp
pxt,ffs
ntx,hbt
ntx,thx
lsp,jvn
lsp,bkr
lsp,qhg
vjz,cbj
vjz,sxg
qhd,qcd
qhd,gfq
qhd,jxd
qgn,fsc
qgn,ffb
qgn,msq
bvr,klb
bvr,bqz
bvr,hvh
bvr,zxg
klt,ccl
klt,pbh
klt,xbn
klt,trl
xlb,tmr
xlb,dft
jpx,tmf
jpx,chf
jvn,bpz
ntc,pds
ntc,glp
tjb,hhv
hvj,tzt
bgs,hcg
bgs,jvf
gmg,nzv
vgr,jjh
vgr,zts
vgr,rcs
klk,flt
klk,gdp
klk,gbv
klk,vkn
nrt,vdx
nrt,cgv
bzb,nbn
bzb,qxh
cbj,ktt
ppr,tqh
prp,dzv
qrn,btz
qrn,shz
rpf,jqq
rpf,zzl
rpf,kjj
rpf,bxt
xjt,rms
xjt,lnt
hld,bkt
hld,tmb
hld,zfj
hld,cmj
hld,jlk
xgq,fqt
xgq,vxk
xgt,mgp
xgt,rzx
xgt,dpc
xgt,zlv
vxq,hnq
vxq,kgz
cjz,tld
tlq,xkn
tlq,xkv
sbb,bcx
sbb,shz
sbb,nbn
sbb,cqv
sbb,kmm
sbb,znh
glr,gcj
pxd,npf
pxd,tzl
pxd,dlf
pxd,bzr
djs,xvh
djs,qjf
djs,jvf
djs,cgd
spv,knp
spv,qgp
spv,djm
dmc,gsk
gqk,llc
gqk,rxf
gqk,knh
gqk,srk
fhp,fcv
fhp,djm
cmb,mqk
cmb,qrj
gqh,xvp
qgp,nkt
qgp,lph
dpj,lck
dpj,vjj
fkr,hgn
fkr,qxh
fkr,glr
fkr,kck
bmz,lst
bmz,pbp
bmz,ttd
bmz,trl
qhx,qzm
gmj,tpb
gmj,tdr
gmj,djp
gmj,srs
cnp,klb
cnp,mlz
cnp,dgz
cpf,tpq
cpf,vjr
zlg,bzr
zlg,qjf
zlg,rfc
qbs,rqb
qbs,ttl
qbs,zmz
qbs,lcj
svv,dpj
svv,mtm
svv,qrn
svv,klc
xfr,vjk
lqt,ntc
lqt,xjg
xhq,njv
xhq,xjg
xhq,vmx
xhq,frn
xhq,dph
lhg,xth
lhg,nlp
lhg,stl
lhg,mbx
kfh,zjv
kfh,mnm
zxt,gbr
zxt,pxt
zxt,kvn
zxt,jpp
qcb,btx
qcb,mrx
qcb,xfr
qcb,tjc
qht,mlz
qht,lrq
qht,qtn
fhm,gvb
fhm,dsf
fhm,qhd
thm,ctp
thm,gvq
thm,kjg
hqv,gbd
hqv,jpc
csd,bfd
bkj,jld
kgp,nnh
kgp,dzv
kgp,dlg
kgp,vkp
ftb,dcj
ftb,gzf
jmv,vrr
jmv,rjv
jmv,kph
bst,vbl
bst,cmb
bst,qhx
bst,rdl
bst,lcq
bst,lcf
nsv,fzp
nsv,lsf
nsv,cmj
nsv,ttd
nsv,knq
cxm,kfx
cxm,pkq
ghl,ctd
ghl,pzb
ghl,tst
ghl,lfq
ghl,zgr
mcb,chf
mcb,dzv
mcb,nzp
mcb,lnt
hbx,ctc
hbx,nbj
hbx,dkl
dpn,dnf
dpn,knq
dpn,bzd
dpn,bzr
gdx,vzn
gdx,slk
gdx,kfb
qrt,pzm
qrt,knq
qrt,cjk
qrt,zlg
qrt,hmq
hqs,hvb
hqs,hzl
hqs,dft
hqs,tlq
rrb,xkn
dkl,jvf
dkl,pqq
dkl,jtp
crj,rvh
crj,dtt
crj,ljd
crj,tqz
crj,gdg
zds,tlq
zds,ztv
tkh,ppr
tkh,bsx
lsc,ttd
lsc,fdt
lsc,tmm
lsc,xnq
lsc,kvr
szh,gxq
szh,prv
szh,jzs
xkz,bbj
ljr,vjr
ljr,ngx
ljr,hrk
ljr,pjb
kqq,zcl
kqq,jck
nvc,qrg
nvc,dgl
hrl,nln
hrl,qzd
hrl,vkf
fvt,dgl
fcl,srd
fcl,zkh
fcl,fpv
fcl,zfq
clb,mcj
clb,bqg
clb,xlb
clb,ttg
cnz,jqm
cnz,zbh
sgf,nkt
sgf,sqx
sgf,kfb
ldq,bmd
ldq,lfq
vdv,zfj
vdv,rtn
vdv,tfg
vdv,mmc
msq,nrv
jlk,bnr
flt,nkt
flt,qmz
ppc,tfj
ppc,jzs
ppc,jcc
ppc,jcb
ppc,lkd
gxl,xzg
xvg,xjs
xvg,pxz
xvg,xzp
xvg,jjh
xvg,sbg
xvg,zcd
hsj,pvm
zxj,vdr
zxj,hbj
zxj,zgh
zxj,vjh
gnm,qxm
pcc,ggd
pcc,crr
pcc,dbq
pcc,znq
jmm,rlv
khs,knp
khs,qxr
khs,pbh
bsx,pbj
lzt,gfp
kbq,hkq
bmk,zxs
lpj,vch
lpj,zbs
lpj,bhn
lpj,vjt
slz,gnm
slz,mcx
slz,gbv
slz,gzb
fhh,nsc
fhh,fhp
fhh,bcm
czp,mfh
czp,plz
mfv,czt
mfv,fmb
mnr,ztl
mnr,hpn
mnr,bpp
qlv,jgc
bml,dmc
bml,bln
bml,szh
bml,gxl
dtf,czp
dtf,jgc
dtf,jks
ggh,sxb
ggh,xzb
ggh,zzv
vqx,sql
vqx,jxf
vqx,ddz
vqx,rcv
klr,xjg
klr,mtk
klr,rhr
zbv,rrb
kgt,llk
ktg,lnf
ktg,dkl
ktg,nbs
ktg,rlf
xgk,fdn
xrv,tmb
vdh,sgh
mtk,trl
gpv,scm
prc,dft
prc,mhd
prc,dpc
prc,tmc
rqn,qvz
rqn,mcx
bdn,bcz
bdn,trr
bdn,fss
bdn,ngl
csk,rcg
jsv,zgr
gcq,ljh
sqp,czp
sqp,bnv
sqp,qrq
sqp,pjp
nxr,hpx
nxr,ldz
nxr,tnv
nxr,cms
csp,qxj
csp,bqd
csp,gjj
csp,lsq
qlk,nln
qlk,rrb
zjv,nzv
hmq,pkd
hmq,jvf
hmq,xfl
dqj,kgt
dqj,sjl
dqj,xlr
lff,prv
cgr,tjd
fpv,kbr
fpv,rst
fpv,qlg
fpv,pgb
kph,crd
kph,qbf
kph,zsd
kph,dqc
xhj,hnr
xhj,vmf
xhj,lcj
xhj,rsj
kgv,qch
kgv,pgb
kgv,skn
rdl,zzz
rdl,mlr
tbm,vvv
tbm,cbk
tbm,nlx
jbb,mln
jbb,qhg
cjr,lrj
cjr,qtz
cjr,xgq
cjr,cfq
nkr,kbv
cfm,mqz
sjl,smp
sjl,tcg
sjl,vnc
sjl,bsh
sjl,sbv
sjl,xjc
xkq,mjk
xkq,pjr
xkq,vvq
xkq,kxl
mjd,bgs
mjd,lst
mjd,kvn
mjd,lml
qxl,tkd
qxl,rff
pnc,hkt
pnc,jxs
ldn,tjb
ldn,fdt
ldn,vcb
lfk,vkl
lfk,ngx
lfk,trr
lfk,gjj
lfk,rsf
gfp,ctp
gfp,tmf
hpv,xjf
hpv,ldq
hpv,nlt
hpv,shl
qcz,pfm
qcz,gfm
qcz,rqn
nht,hkj
nht,nlb
hrn,drf
trr,rzn
srk,zpq
srk,zmk
srk,fdn
pcd,gcq
pcd,cxg
zhp,nrv
zhp,tld
zhp,lmj
kbv,xsf
kbv,crq
lkb,xjj
lkb,rpb
hsb,zct
mmt,lcf
mmt,lnt
mmt,nfr
mmt,ngq
lrb,gbd
lrb,llk
sqt,bnv
sqt,pgp
sqt,lcp
sqt,lll
qxn,mbd
qxn,mrn
qxn,vgk
qxn,sxg
vdn,gdg
vdn,txr
vdn,nrt
vdn,prp
mvb,xfx
mvb,mcb
hhh,lsq
zzz,hhx
zzz,kfh
zzz,hfh
zzz,slg
rtv,mhh
rtv,brs
rtv,hhv
rtv,kvr
rtv,nzn
npz,txb
npz,bxm
npz,hdd
npz,xlb
dst,lks
dst,lzb
vmx,nln
vmx,jcb
vfm,htf
vfm,gvq
hlr,czt
hlr,cfm
hlr,klb
hkj,jck
hkj,fsc
hkj,hgn
nlh,tqc
nlh,nqn
nlh,fhl
nlh,fsz
lll,zjb
lll,ffm
lll,nkr
gkz,cbq
gkz,tmc
gkz,hdd
gkz,zbv
hzr,gxl
hzr,clk
hzr,vln
hzr,qrq
kqc,tmc
kqc,pcd
kqc,gsl
kqc,stl
gvq,xrg
gvq,bkj
gvq,nvc
tqh,lrb
hcx,zck
hcx,gfq
hcx,krx
mpk,qtf
mpk,lbh
mpk,bql
mpk,glt
tks,ljq
tks,scm
ngs,lxt
ngs,glt
ngs,pqd
ngs,zkf
rtz,drq
rtz,vjs
rtz,zds
rtz,rfm
rtz,tjq
gxq,rrh
njt,rlh
njt,lkk
njt,xkp
njt,gzz
njt,qmz
qbf,bpp
mlb,gfc
mlb,kfh
mlb,gks
mlb,pct
ffp,ldt
kbl,bkj
kbl,nnc
kbl,srd
krv,fcv
krv,nsb
krv,tqm
srq,nlb
srq,rbg
srq,tck
srq,qqg
srq,pxz
lth,jgk
lld,phr
lld,kcn
lld,jfq
lld,lhv
pdq,trd
pdq,txp
hqz,qmj
hqz,hnf
szp,prd
szp,rsp
jzh,lzp
jzh,xrg
jzh,lth
pql,nsb
pql,mmq
bjs,shz
bjs,djp
zgx,ksv
zgx,gbr
mrs,thd
mrs,kcq
mrs,tfj
mrs,xts
mrs,pqq
mkq,mpx
mkq,lss
mkq,lfk
mkq,flg
xpz,bpm
xpz,gvb
gnf,vgb
gnf,ccx
gnf,mvs
gnf,xsd
vch,dph
vch,xpr
vch,xsf
vch,xcm
qrg,ksr
hkt,fsc
hkt,hvj
vsf,vpd
vsf,jks
vsf,rfm
vsf,gqh
kvg,zpq
brc,pmc
brc,htl
brc,fsc
cjp,fbp
cjp,pbj
cjp,htf
kgj,rcg
kgj,thj
txr,lsv
txr,nlz
txr,jjr
ppj,jrc
pds,pgp
pds,pkq
pds,xfm
lnp,dgk
lnp,qlv
lnp,slz
lnp,gsl
msv,ctp
msv,nnh
cpc,jks
sbg,lks
sbg,zpm
vjl,mnc
vjl,tqc
vjl,rxf
vjl,ktf
qtn,hvg
qtn,ksr
czd,nzv
czd,htx
qfx,vlh
qfx,tpl
qfx,knb
qfx,fbt
ztl,rsj
mfh,gbp
rxf,rzz
vmf,zmm
vmf,dng
ktf,btx
ktf,lhv
dgp,cks
dgp,szf
dgp,vnd
dgp,tvv
dgp,rlf
dgp,mvs
jxs,hbt
jxs,xfn
jxs,msv
dqs,mtk
dqs,rsp
bpp,hhv
hsx,gxr
hsx,nrv
hsx,nlb
hsx,znh
fnt,vjj
fnt,tqh
gll,xcp
gll,lvq
gll,sbv
gll,tks
tzr,znh
tzr,nnc
kkj,hcg
kkj,kpf
kkj,qpm
kkj,gqs
zxq,hnr
zxq,khs
zxq,lkk
zxq,zct
zxq,vln
zxq,bmj
ljd,hrn
rmj,zcl
rmj,cjp
rmj,pdq
zzg,gph
zzg,mmc
zzg,rnq
zzg,xdp
tvp,htv
tvp,pgc
tvp,tjd
tvp,kjj
ttg,dtg
ttg,pvs
ttg,bln
mxr,tdr
mxr,kgs
qnb,fnk
qnb,cbk
qnb,bmd
lks,ngl
hjh,dlg
hjh,hns
hjh,gtq
hjh,ssm
cxr,cxg
zts,jxr
zts,pnb
fhl,qjg
fhl,mrp
fhl,xjd
fhl,pjr
fhl,rsj
zfg,zvt
zfg,bsx
zfg,tzr
zfg,fss
zfg,htv
hzf,vzc
hzf,xcp
hzf,zvt
hzf,phh
vhr,fsc
vhr,kbq
vhr,mqz
vhr,vgr
dqc,ndz
dqc,svq
dqc,fsx
fqt,dzv
kcb,pnc
kcb,nnh
kcb,gkg
kcb,bjs
kcb,lzt
zfd,fdr
mdd,xhx
fmj,fzf
fmj,htx
fmj,ljd
fmj,mfv
rtn,lfd
rtn,dxr
hcg,hdh
nxp,bbj
nxp,flx
nxp,hpx
nxp,vjs
rlh,fhh
rlh,lvp
rlh,tlm
gdn,sjk
gdn,jml
hph,jld
hqp,vxv
hqp,hkf
hqp,sbh
hqp,fnt
xtf,qbh
bgn,pvv
bgn,fnd
bgn,vvn
bgn,lml
bgn,mkf
bxg,mbr
bxg,scs
bxg,sdg
bxg,jxf
vlk,xzg
vlk,jtp
fhq,jck
fhq,sft
fhq,jjr
fhq,zhd
lqz,vcx
lqz,ccf
lqz,ltd
lqz,bjs
frn,mrd
qvq,gxv
qvq,flj
qvq,cbk
qvq,pvm
qvq,vkp
xtx,vdx
xtx,fqj
xtx,lgz
xtx,mdh
rjr,hlz
rjr,ctc
rjr,mpm
rjr,jkr
tql,rst
tql,gks
tql,frv
tql,ntx
tql,mrv
bsn,thj
bsn,vlj
krn,prd
krn,xkr
krn,hrq
krn,ssf
krn,rzz
dkb,mcx
dkb,qgp
dkb,nqn
gbn,bkr
gbn,xpz
gbn,vjl
gbn,prc
gbn,nsc
fbd,hzl
fbd,lzd
fbd,ffm
fbd,rbd
fqx,vjt
fqx,kkr
fqx,lrs
ljh,hzl
kmp,xsd
kmp,pns
kmp,tqc
kmp,fqx
kmp,ntn
ndh,ssb
ndh,zvm
tdr,bfl
mpj,cgr
mpj,zkf
mpj,ngq
cvp,mrr
cvp,lff
cvp,zqx
bht,slt
bht,bmj
bht,ppj
bxm,pqq
zct,bpz
hls,qpn
hls,mtm
hls,skp
hls,qnq
rvh,kmm
qqh,dnf
qqh,glp
qqh,vmf
qqh,cmd
tnd,fgx
tnd,hxx
tnd,znr
dmp,hzl
dmp,zjr
dmp,fhp
vvq,zbh
mhj,pqt
lfj,bsp
lfj,xfx
lfj,bvg
cqv,xht
cqv,nlz
cqv,ldf
hfh,cln
jqq,tff
jqq,bql
jqq,krq
jqq,sgj
jqq,kdg
rdg,jll
rdg,qfk
sql,lsv
sql,jvb
nsl,zpq
nsl,lkl
nsl,zmm
pzk,fbp
pzk,hbt
pbj,kbq
pbj,lks
npt,hbj
npt,vtx
npt,sdc
npt,gqj
zrq,zlv
zrq,jks
zrq,qjg
zrq,mhd
xnr,lkx
xnr,nlz
xnr,tmf
kns,kgj
kns,smm
kns,ljt
kns,btj
bbx,mqk
bbx,gdn
lfp,gtc
lfp,gsk
mvf,cpb
mvf,xvz
mvf,jpc
jmb,fnd
svp,rdd
svp,tjc
svp,csd
mdj,gxl
mdj,ldt
mdj,sjh
btj,tff
btj,dtt
vgg,zcd
vgg,tqz
vgg,fnk
zll,fgx
zll,sgh
zll,kfc
zll,hvg
zll,xpn
xcp,xvs
xcp,rjq
bln,ctc
blb,mrd
blb,fhh
lck,rcg
lck,fdr
svq,fdt
svq,cnz
rzx,mbg
lbh,dgz
lbh,jvb
lbh,pqd
lbh,llk
nlz,hsp
hvh,nrz
hvh,rlv
hvh,mrn
vzt,rtq
vzt,rks
vzt,dpc
vzt,dgp
vzt,tmb
vzt,bnp
vzt,cfd
vlj,sxg
vlj,vvp
vzb,djd
fbr,ftj
fbr,mxr
fbr,rvf
fbr,ncs
jcc,gjd
jcc,fxj
zzc,jck
zzc,jld
jmg,lfv
jmg,cvc
jmg,kvg
jmg,qlv
zfq,bsn
zfq,vkp
zfq,zjv
ccb,pqq
zjr,gbv
zjr,xth
bnb,mlq
bnb,slk
bnb,cxr
bnb,shb
nbj,drq
nbj,gtc
jcb,jkr
vsb,kbv
vsb,fnd
vsb,xvl
bhn,nbs
bhn,hnq
bhn,mqr
bhn,zlg
bhn,cmd
slk,gnm
slk,dcn
sgr,fdr
sgr,hhh
vss,csc
vss,hrk
vss,hsj
vss,pjz
mpd,lzb
mpd,knb
mpd,rqj
xjj,ctp
lsz,rqn
lsz,crd
lsz,zsv
grc,kln
grc,qdz
grc,fss
grc,dpx
grc,dgz
grc,mbh
grc,sbl
nlp,mlk
nlp,dtg
rvf,ckc
xcq,rcs
xcq,qfb
xcq,cbj
xcq,vtt
mqz,hcs
lcp,ztl
lcp,vjk
hhx,bcf
fpd,rbc
fpd,nfr
fpd,fvc
fpd,zkk
fpd,bfh
smp,vkp
knh,xbn
knh,rxf
knh,dmc
gjd,bmj
gjd,clk
gjd,fcv
flj,htf
flj,mdd
cxg,hvb
cxg,blx
ssm,lkx
hvl,zvg
hvl,hzl
pqp,lst
pqp,mdq
pqp,rzx
htd,sjk
htd,gjz
nth,sbh
nth,vbh
nth,zxs
mdh,fmb
mdh,qrj
mdh,qzm
vjb,qht
vjb,pjx
vjb,bql
vnd,jkr
vnd,fjd
vbv,jml
vbv,nrv
vbv,dkm
vbv,kqq
xzp,bzb
xzp,bcf
xzp,bqz
xzp,dbq
nmx,mmq
nmx,xzf
fgx,hkt
fgx,bmk
sdc,dbx
sdc,zkk
sdc,qsr
sdc,vrx
sxb,hxx
gzb,dgk
pns,lph
pns,cjc
pns,lvp
mrm,pnb
mrm,xcc
mrm,sxb
mrm,ghh
dhf,zlq
dhf,lrd
dhf,jlk
ltf,qtj
ltf,slz
ltf,ppj
ltf,dxr
cgm,ktt
cgm,jkn
cgm,kzf
cgm,gdq
htz,jrc
htz,gqs
htz,vpd
mlz,hns
mlz,fhf
mlz,mdh
mlz,djd
fjn,vfm
fjn,hvh
fjn,ftj
fjn,hgn
nvt,xzp
nvt,sgj
nvt,tpb
kpv,trr
kpv,jpc
kpv,vxk
kpv,ssm
fss,vbl
cmj,xzf
cmj,lzz
cnn,zvh
cnn,bnv
cnn,gzb
cnn,jqm
mkf,kvg
lfr,brh
lfr,gnb
lfr,zhp
tgb,flt
tgb,gph
tgb,ttc
mcg,tjd
mcg,mdd
mcg,nrv
lfd,ffp
lfd,bdj
lfd,hxc
lfd,crq
tjq,nsc
tjq,bgk
tjq,fhm
fll,hnq
fll,svq
fll,khg
rjv,xsg
hnf,hrn
rsk,nrv
rsk,jgt
pkd,vlk
pkd,cks
pkd,mrd
pkd,qbd
vfn,gcq
vfn,pgp
ggl,pdq
ggl,sph
ggl,dgh
cln,zfd
fxn,ptl
fxn,ftq
fxn,ccm
znj,rhs
znj,qcz
znj,qpm
znj,ghg
znj,xpr
znj,jkr
xdm,rmx
xdm,hrq
kjj,prp
kjj,nlz
kjj,glg
pgp,nbs
pcp,gdp
phr,jkr
phr,vjs
phr,rjv
dbq,cln
cmh,ndr
cmh,vvk
cmh,tdm
cmh,vkj
zxb,crt
zxb,flg
kfc,gzl
fjd,pcp
fjd,ktr
fjd,xts
mrt,xbn
mrt,gbr
mrt,kxl
gsl,hvb
gsl,rrr
zmz,tgb
zmz,mbc
zmz,xfm
hgn,hcq
vjh,vpj
flg,tfx
ptm,jmm
ptm,vjb
ptm,czd
ptm,fqj
jkb,vpf
jkb,hhh
jkb,vdh
jkb,jgt
jkb,fqj
jkb,prn
jkb,mbd
fln,rfc
fln,lnf
fln,lfv
fln,mtz
bnr,jvf
bnr,xth
bnr,mcx
hxc,fkg
hxc,kvg
hxc,hpn
rst,tpq
rqd,hqv
rqd,cpf
rqd,nnc
rqd,kkx
cmx,qpm
cmx,dtf
cmx,gph
cmx,sgf
dsf,blb
dsf,rnq
dsf,qjf
xth,kfx
xth,xkv
ztx,tld
ztx,lfm
ztx,qmq
fvc,hkq
tpq,rsf
tpq,glr
tpq,lzp
qdz,zvt
qdz,zxs
qdz,lnt
jfq,cmd
jfq,xpd
fdc,mzf
fdc,rrr
fdc,mcj
fdc,bzj
pxc,gmg
pxc,jxk
pxc,tzj
pxc,vzc
pxc,znq
vgk,ktt
vgk,tqh
ksv,cvc
tnc,sjk
tnc,dgz
tnc,gdg
tnc,ppr
hns,txp
lkx,bxb
jtp,vkf
jtp,cgs
zck,qls
zck,xdm
mkj,clh
nfx,mqr
nfx,xkv
nfx,khg
nfx,xxl
hnl,vjz
hnl,cpb
hnl,sbg
rmc,mpd
rmc,ppz
rmc,ndr
rmc,lmp
qcd,kfx
rqg,dxr
rqg,nnz
rqg,xvp
rqg,vjk
rqg,kst
cgz,gpv
cgz,vjr
cgz,zzc
cgz,snv
cgz,mgh
cgz,xrg
znd,nlt
znd,vpj
znd,crb
znd,sbv
znd,krh
gtq,zkn
gtq,qrj
gtq,qxj
gtq,tfx
pzb,vkj
kst,nbs
kst,djm
xph,dqt
svz,vqf
vjs,nln
nhg,nrt
nhg,qnb
nhg,mrn
czq,nnc
czq,xxd
czq,jgt
czq,pzk
jbg,xkv
jbg,xzf
jbg,ksv
jbg,xxl
jbg,hrl
jbg,dbg
gfm,rfc
gfm,drq
gpq,rlv
gpq,lfm
gpq,sgq
xgv,rzz
xgv,qlk
xgv,xgk
ndz,llc
ndz,fdn
ndz,vlq
ndz,jhs
ndz,mrd
mmb,vvv
mmb,xjf
mmb,djh
mmb,tdh
ktc,mjv
ktc,zbk
ktc,nht
ktc,pbc
pct,qpt
pct,mpn
gtj,lfq
gtj,xtf
gtj,bsh
hpx,kkr
hpx,vjk
hpx,jzs
rch,htv
rch,qnq
rch,gvs
rch,cgr
vpj,qrj
qfs,mkf
qfs,gcg
qfs,qls
qfs,qcd
qfs,hvl
pjq,kbl
pjq,kgs
pjq,qvb
kxn,rdg
kxn,rvf
kxn,dpj
kxn,hhh
rpj,gzx
rpj,rvg
rpj,qfq
rpj,svp
fzp,sgl
fzp,hdh
fzp,xkp
dpr,ztx
dpr,hfh
dpr,gzl
dpr,vlh
dpr,qzm
dpr,frv
dpr,vgf
dpr,fnt
crs,htx
crs,glr
crs,jll
ftf,tvv
ftf,mmq
ftf,qzd
ftf,xpx
czz,vzb
czz,vxv
czz,lkx
kdl,fnk
kdl,xjc
kdl,cpb
kdl,glg
vbl,hkf
tmk,nsb
tmk,bpm
lbc,xjf
lbc,vzc
lbc,rbh
mmz,fdt
mmz,ffp
mmz,btx
jpp,qvd
jpp,vkf
jpp,zck
vvn,ssf
vvn,lfv
vvn,ccq
ldf,jgn
ldf,qdv
znh,jll
jjh,gjf
fql,lsf
fql,rrr
fql,sxp
fql,vsb
mpx,bsg
dpc,rfc
dpc,vvq
zlx,xfm
zlx,rzx
zlx,hvl
zlx,mnp
zlx,tqc
nnc,thm
xjd,tqm
xjd,xjg
xjd,gzg
xrm,kst
xrm,bcm
xrm,bqg
xrm,svp
pgc,crb
pgc,drf
pgc,qzj
cpk,rvg
cpk,pgp
cpk,nhj
cpk,hpn
qvb,tst
thd,bmn
mcj,fsx
mcj,cxm
mcj,jsj
mcj,rhb
szf,djm
vrx,zcd
vcx,glt
vcx,zts
dxr,qzd
pqs,vsf
pqs,jnx
pqs,fgj
pqs,jcc
bcp,nzp
bcp,vjr
bcp,qmj
rvg,llc
rdd,gcq
tnv,qcz
tnv,vln
tnv,qls
tnv,nkr
ntn,bqg
ntn,fnj
cts,fvt
cts,glg
cts,qtf
cts,msq
phx,cfm
phx,hxx
phx,zxg
xfl,jzk
xfl,sqx
mxb,hlz
mxb,vzx
mxb,zlv
mxb,fnj
tdh,vzc
stl,bdj
rft,tkd
rft,pkq
dlf,gvb
dlf,xkp
lrj,mpx
lrj,msq
lrj,vtm
qcf,dqs
qcf,slk
qcf,mtk
qcf,jcb
ndr,xph
tzl,ffp
kmm,llk
shz,rkm
shz,sbl
mjv,gqj
mjv,mbd
mjv,sgr
flq,znq
flq,rqj
flq,dgl
flq,mbh
flq,jsv
rhg,jpx
rhg,vdr
rhg,vnc
rhg,vkl
rhg,zxs
tdd,qbf
tdd,npf
tdd,zjb
tdd,gzg
sdg,rbh
sdg,zcm
sdg,vcx
sdg,htv
vjt,fkg
vjt,jhs
mpm,bln
mpm,cjc
tvv,rvx
tvv,vzx
rmb,klb
rmb,msr
rmb,dkm
pkb,vmx
pkb,ffm
pkb,gpr
pkb,ccq
sjt,mhh
sjt,ftb
sjt,zct
sjt,svp
mpn,fbp
mpn,bsg
hsv,jqm
hsv,nqn
hsv,szf
hsv,txs
lhr,jsv
lhr,hph
pgz,zjb
pgz,jmb
nxf,xvh
nxf,bzr
nxf,zmk
vfq,tmf
vfq,tfh
vfq,qgn
vfq,mbm
bkt,zbh
bkt,ffs
vcl,thx
vcl,bxb
hvc,zmk
hvc,mzf
hvc,fdm
hvc,vcb
kln,tnf
kzb,mlz
kzb,tnf
kzb,dlg
kzb,krh
spj,nqn
spj,xsp
spj,dcj
spj,jnx
mgg,jsh
mgg,qjq
mgg,mlr
mgg,mqk
vlb,xmc
vlb,pxc
vlb,pjb
vlb,cxh
lst,vjk
vlh,rhd
dqv,pvv
dqv,kxl
klc,txp
klc,lpv
klc,nfr
skn,kql
skn,bbf
skn,rmn
skn,tvd
skn,qfk
bhd,glg
bhd,bmk
bhd,pct
bhd,mkj
bhd,vdx
jjj,tks
jjj,pmc
jjj,cjz
jjj,tbm
hkm,kfc
hkm,hvg
hkm,xzb
srt,bnv
srt,rft
srt,xdm
srt,xpx
jdz,zhd
jdz,mrn
jdz,rpb
jdz,vgk
tgl,xth
tgl,zsd
tgl,slz
tgl,nkb
mrv,gzl
sdq,tnd
sdq,ctd
sdq,rbg
sdq,kzk
sdq,frr
sdq,qfb
xpd,nzn
cgd,qbf
cgd,dcj
qxp,pzb
qxp,bzk
krq,zjf
krq,pdq
krq,ctp
gxn,nht
gxn,zgh
gxn,xtm
gxn,nnh
gxn,qtn
jsh,vrx
jxj,rsk
jxj,zpm
jxj,nth
jxj,rqd
pjx,vqf
pjx,tpr
pjx,rms
lfq,flr
sdv,vpj
sdv,glg
sdv,fsd
sxk,flt
sxk,vmx
sxk,qtj
sxk,ffs
pmh,scm
pmh,cjz
pmh,crt
pzm,trl
pzm,tmk
hst,xhx
hst,jxf
hst,dqt
hst,hph
zkt,qhx
zkt,szb
zkt,qfb
zkt,mrv
ngt,cgs
ngt,npf
ngt,hzc
xrj,ldt
xrj,bfd
xrj,qxl
jjr,qgl
jjr,xph
jjr,fvc
jjr,rbg
rbc,xcp
rbc,qpn
rbc,lbc
xvl,ffs
xvl,ffm
sst,nmp
sst,kcq
jxp,kkx
jxp,ncs
jxp,bxt
jxp,mbr
jxp,xjs
bcx,crs
bcx,zgh
bcx,lcf
jhx,rnq
jhx,qzv
jhx,pgz
jhx,nms
zlv,zmk
qtz,xdk
qtz,bpg
kzf,jtb
kzf,lvq
sdz,jxf
sdz,kqq
sdz,hvg
pmv,zlg
pmv,rff
hrq,sqx
mrp,dft
mrp,hdh
mrp,hbx
xts,hlz
xts,vvq
sbc,fsd
sbc,qzp
nfr,sbh
xkr,dhf
xkr,svq
xkr,crq
tck,xzb
tck,sgq
cfd,mcx
cfd,xpd
cfd,trl
ctd,rms
hpl,fsd
hpl,cgr
hpl,mpx
ncs,vqf
ncs,hsp
ncs,zzq
ncs,rbh
jlt,lzm
jlt,pbj
srd,xjj
srd,zzv
flc,jvb
flc,flj
flc,mgg
flc,tkh
gzx,jlk
gzx,gfq
gzx,jvr
gzx,gth
txf,qch
txf,ftj
txf,mpx
xhv,bsh
xhv,tzr
xhv,jzr
xhv,qxh
cbq,ldt
cbq,mhh
zvh,mdq
zvh,qvz
zvh,gbp
bxs,pcd
bxs,khg
bxs,pqq
hcs,fbp
hcs,djd
zvm,ftq
zvm,xvp
nkb,rsp
mks,qdv
mks,hvj
mks,cmb
mks,fvc
bbt,dqs
bbt,hvm
bbt,lsp
bbt,gtc
ccx,vfn
ccx,mnr
vgf,krh
vgf,hvg
kgz,tlm
djg,rzn
djg,hkm
djg,phx
kfv,fzf
kfv,psh
kfv,czd
kfv,bmk
kfv,xlr
fmk,rhb
fmk,nmp
fmk,qcb
fmk,gph
rsj,xkn
mbx,kvg
vvv,ktt
dlg,gdq
flf,tmm
flf,nnz
flf,jtt
flf,ktf
jhp,ngl
jhp,ghh
jhp,xdk
jhp,gdn
xjc,ffb
fpr,tbm
fpr,hhd
fpr,lck
fpr,rlp
fpr,mmt
xfj,tdh
xfj,jms
xfj,qjq
xfj,xtm
tlm,gzg
tlm,stl
tlm,rvg
zbs,rqn
zbs,slx
zbs,drq
nxz,kgz
nxz,njs
nxz,gkz
nxz,kvg
xbv,smp
xbv,fqt
xbv,hfm
xbv,rjq
xbv,svz
xbv,kbq
kpf,xgk
hzz,vxk
hzz,rzn
hzz,dbx
hzz,xrg
vzn,qfq
vzn,kbs
vzn,dxs
djh,xgq
djh,ggh
djh,kgl
djh,ngl
rbd,szp
rbd,tfg
lqm,jnp
lqm,fmz
lqm,hqp
lqm,nzj
lzm,xhx
lzm,bfl
lzm,nlz
crf,vgd
crf,gsk
crf,mqc
crf,qkc
lzn,dng
lzn,blx
tzx,srd
tzx,tpl
tzx,jml
tzx,xnt
phh,smp
cxn,znq
cxn,tdm
cxn,btz
cxn,ckc
bqd,nnc
bqd,mbd
bqd,csk
gjj,vxx
gjj,zgr
ztv,mln
tdm,rjq
tdm,mnm
vgb,pkq
phq,ntx
phq,sbv
phq,lbc
phq,sdv
sxq,txb
sxq,brs
sxq,mnr
sxq,vxq
xqx,zpm
xqx,ldq
xqx,cpf
xqx,hrk
lph,rhr
mtm,pbc
mtm,lzd
bgz,zvg
bgz,jtt
bgz,pbh
bgz,xsg
fnp,bbf
fnp,ksr
krx,xpd
krx,gbv
krx,gnm
krx,drg
dpx,zpm
dpx,lvq
dpx,rpb
snv,tkh
snv,vkj
snv,xfn
pfh,vfn
pfh,xjg
pfh,nlp
pfh,hzm
frr,bvg
frr,ssm
frr,fkt
zsg,gcj
zsg,crr
zsg,jld
ngx,bnm
lrn,jtt
gxm,sgf
gxm,zzx
gxm,mtk
gxm,rrb
njs,tmk
njs,mbx
ddz,pnb
qmq,thx
qmq,pvm
pbh,jsj
mrx,jtt
fsz,zds
bmn,rfm
pmc,jvb
pmc,hkf
lqh,lkb
lqh,pjb
lqh,mpx
pbc,ngq
pbc,htd
pbc,csk
bkc,nkb
bkc,mnc
bkc,jjz
bkc,vqg
nfq,gvq
nfq,zvt
nfq,vfm
kcn,mhj
mlr,htl
mlr,zgh
mlr,gxr
mlr,clh
jmq,gzz
jmq,xnq
jmq,cxg
jmq,btx
qjv,fcl
qjv,pxz
qjv,tck
qjv,jtb
dbg,gqk
dbg,hvb
dbg,cmd
qxs,pzm
qxs,tjb
qxs,rrh
qxs,fll
qxs,pbh
nbn,dbx
nbn,vrx
qnq,hbt
gcf,vsf
gcf,qzd
rcv,tvd
rcv,jmm
xzk,qzp
xzk,sbl
xzk,tpl
bkr,bfd
kbs,zbv
kbs,fxj
kbs,krv
fdr,zcd
dnf,xxl
dnf,xsd
vkl,rsf
vkl,qxj
mrc,nkt
mrc,vlk
mrc,ldz
mrc,dft
ccl,zjb
ccl,ksv
ccl,lsz
kxq,hph
kxq,brh
kxq,fqj
kxq,zkf
ctq,pvm
ctq,rbg
ctq,jlt
ctq,zjf
csc,nzq
csc,tzj
kdv,fnk
kdv,xgq
kdv,czq
kdv,qvx
sjn,zlq
sjn,cgs
zhd,kmm
zhd,hph
clh,fmb
clh,bdx
ccm,sqx
bzd,thd
bzd,gqs
bzd,mhd
bzd,gnm
bzd,kpf
nrb,qpm
nrb,gcf
nrb,qmz
nrb,nsl
nrb,qxl
rjp,ksr
rjp,zcd
rjp,gcj
xxd,fnp
xxd,qzp
xxd,bqz
xxd,vvv
xjs,vmg
xjs,qgl
nts,rsk
nts,xnr
nts,mlr
nts,snv
zcm,nbv
zcm,dst
gdg,ppr
lsv,skp
zbq,nrz
zbq,bsb
bnq,jsh
bnq,pgb
bnq,nnc
bnq,nbn
dgg,xfm
dgg,zjr
dgg,dcn
sns,gxq
sns,rrh
sns,tmr
sns,ccq
pmp,tfx
pmp,bbf
pmp,msr
pmp,gpv
pmp,zxb
htq,mdd
htq,btz
htq,bxt
htq,hth
zqx,hdd
zqx,kbv
zqx,pql
kgl,vcl
kgl,vxk
kgl,jts
xht,bsb
xht,dvr
xht,ltd
nhz,vrr
nhz,rhr
nhz,cms
nhz,mbg
nhz,szf
nhz,gzx
qrq,glp
qrq,ngt
qrq,lph
qrq,qcd
rcs,qdv
vbh,lcf
vbh,pbj
vbh,mpd
hgd,zkf
hgd,tpl
hgd,hnf
hgd,mgc
hgd,kcz
zbk,klb
zbk,kcr
vgz,xfm
vgz,zgx
vgz,psp
vgz,ggb
nmf,qqd
nmf,thd
nmf,sjt
nmf,xsg
szb,zzz
szb,tqz
szb,xnt
vpf,rpn
vpf,znq
fxj,vcb
rlp,rzn
rlp,bxb
rlp,sxb
txs,slt
txs,bpz
smm,bql
smm,fvc
smm,jxr
smm,bzk
vtm,xhx
vtm,gdg
tqg,rbd
tqg,dgk
ljp,bzk
ljp,hbt
ljp,xjt
ljp,glv
nzq,jmm
nzq,mpn
nzq,mbm
ttc,mmq
ttc,blx
shb,knx
shb,rzz
nxq,pjb
nxq,msv
nxq,pmh
nxq,jzr
gxv,qhx
gxv,ggd
gxv,ckc
dvj,mks
dvj,gfc
dvj,frr
dvj,tvj
crt,nzp
crt,psh
drz,hvh
drz,gmg
drz,zxx
drz,gjf
drz,kgt
drz,qsr
jnp,nhg
jnp,vzf
jnp,vjr
jnp,jzr
ttj,mrb
ttj,mtc
ttj,rvf
ttj,cln
ttj,rpb
ttj,kgv
hfm,sgh
pjp,rgk
pjp,gbr
hdf,sbl
hdf,frr
hdf,hns
hdf,pct
bmd,xjf
bmd,rms
zlq,vkf
kdb,msr
kdb,cll
kdb,hzz
kdb,vvp
msr,nlt
msr,djd
fbt,qlc
fbt,dbx
fbt,lzt
rmx,ksv
flx,tmm
flx,qcd
flx,cbq
jjz,gpt
jjz,llc
jjz,nzn
jhv,ltf
jhv,cvc
jhv,pfm
jhv,blb
rxp,skp
rxp,svz
rxp,llk
rxp,kgs
